{
    "Autofill Profile": [
        {
            "address_home_state_status": "OBSERVED",
            "address_home_country_status": "OBSERVED",
            "address_home_country": "US",
            "name_honorific_status": ["VERIFICATION_STATUS_UNSPECIFIED"],
            "address_home_apt_num": "",
            "name_first_status": ["VERIFICATION_STATUS_UNSPECIFIED"],
            "address_home_thoroughfare_number": "4995",
            "address_home_zip_status": "OBSERVED",
            "name_middle_status": ["VERIFICATION_STATUS_UNSPECIFIED"],
            "address_home_zip": "32179",
            "birthdate_day": 0,
            "name_full_with_honorific_status": ["VERIFICATION_STATUS_UNSPECIFIED"],
            "address_home_street_address": "4995 se 187th crt",
            "name_full_with_honorific": [""],
            "address_home_dependent_thoroughfare_name_status": "VERIFICATION_STATUS_UNSPECIFIED",
            "name_last_first": [""],
            "address_home_language_code": "",
            "address_home_city_status": "OBSERVED",
            "address_home_floor": "",
            "birthdate_year": 0,
            "name_last_conjunction": [""],
            "name_last_first_status": ["VERIFICATION_STATUS_UNSPECIFIED"],
            "birthdate_month": 0,
            "name_middle": [""],
            "company_name": "",
            "name_last_status": ["VERIFICATION_STATUS_UNSPECIFIED"],
            "guid": "fdc72d93-7c43-413d-8e4a-0512b63c6968",
            "address_home_dependent_thoroughfare_name": "",
            "address_home_dependent_locality_status": "VERIFICATION_STATUS_UNSPECIFIED",
            "address_home_apt_num_status": "PARSED",
            "disallow_settings_visible_updates": false,
            "address_home_city": "Ocklawaha",
            "name_full": [""],
            "name_full_status": ["VERIFICATION_STATUS_UNSPECIFIED"],
            "origin": "",
            "name_last_second_status": ["VERIFICATION_STATUS_UNSPECIFIED"],
            "address_home_subpremise_name_status": "FORMATTED",
            "name_last": [""],
            "use_count": 5,
            "address_home_thoroughfare_name": "se 187th crt",
            "address_home_thoroughfare_number_status": "PARSED",
            "address_home_premise_name_status": "PARSED",
            "name_last_second": [""],
            "address_home_premise_name": "",
            "address_home_line1": "4995 se 187th crt",
            "address_home_line2": "",
            "address_home_street_address_status": "OBSERVED",
            "name_first": [""],
            "address_home_sorting_code": "",
            "name_honorific": [""],
            "name_last_conjunction_status": ["VERIFICATION_STATUS_UNSPECIFIED"],
            "address_home_state": "FL",
            "address_home_dependent_locality": "",
            "address_home_sorting_code_status": "VERIFICATION_STATUS_UNSPECIFIED",
            "address_home_subpremise_name": "",
            "email_address": [""],
            "address_home_thoroughfare_name_status": "PARSED",
            "address_home_floor_status": "PARSED",
            "phone_home_whole_number": [""],
            "use_date": 1655644626
},
        {
            "address_home_state_status": "USER_VERIFIED",
            "address_home_country_status": "USER_VERIFIED",
            "address_home_country": "US",
            "name_honorific_status": ["VERIFICATION_STATUS_UNSPECIFIED"],
            "address_home_apt_num": "",
            "name_first_status": ["OBSERVED"],
            "address_home_thoroughfare_number": "4995",
            "address_home_zip_status": "USER_VERIFIED",
            "name_middle_status": ["OBSERVED"],
            "address_home_zip": "32179",
            "birthdate_day": 0,
            "name_full_with_honorific_status": ["VERIFICATION_STATUS_UNSPECIFIED"],
            "address_home_street_address": "4995 se 187th crt",
            "name_full_with_honorific": ["Jamie D HOWARD"],
            "address_home_dependent_thoroughfare_name_status": "VERIFICATION_STATUS_UNSPECIFIED",
            "name_last_first": [""],
            "address_home_language_code": "",
            "address_home_city_status": "USER_VERIFIED",
            "address_home_floor": "",
            "birthdate_year": 0,
            "name_last_conjunction": [""],
            "name_last_first_status": ["PARSED"],
            "birthdate_month": 0,
            "name_middle": ["D"],
            "company_name": "",
            "name_last_status": ["OBSERVED"],
            "guid": "faba007b-caa1-4ec2-83b6-91d24fff6499",
            "address_home_dependent_thoroughfare_name": "",
            "address_home_dependent_locality_status": "USER_VERIFIED",
            "address_home_apt_num_status": "PARSED",
            "disallow_settings_visible_updates": false,
            "address_home_city": "Ocklawaha",
            "name_full": ["Jamie D HOWARD"],
            "name_full_status": ["FORMATTED"],
            "origin": "",
            "name_last_second_status": ["PARSED"],
            "address_home_subpremise_name_status": "FORMATTED",
            "name_last": ["HOWARD"],
            "use_count": 12,
            "address_home_thoroughfare_name": "se 187th crt",
            "address_home_thoroughfare_number_status": "PARSED",
            "address_home_premise_name_status": "PARSED",
            "name_last_second": ["HOWARD"],
            "address_home_premise_name": "",
            "address_home_line1": "4995 se 187th crt",
            "address_home_line2": "",
            "address_home_street_address_status": "USER_VERIFIED",
            "name_first": ["Jamie"],
            "address_home_sorting_code": "",
            "name_honorific": [""],
            "name_last_conjunction_status": ["PARSED"],
            "address_home_state": "FL",
            "address_home_dependent_locality": "",
            "address_home_sorting_code_status": "USER_VERIFIED",
            "address_home_subpremise_name": "",
            "email_address": ["howardjamiel13@gmail.com"],
            "address_home_thoroughfare_name_status": "PARSED",
            "address_home_floor_status": "PARSED",
            "phone_home_whole_number": ["+1 352-250-7789"],
            "use_date": 1655714961
}
    ]
}