{
    "Apps": [],
    "App Settings": [],
    "Preferences": [
        {
            "name": "translate_site_blacklist",
            "value": "[]"
},
        {
            "name": "intl.selected_languages",
            "value": "\"en-US,en\""
},
        {
            "name": "sharing.vapid_key",
            "value": "{\"vapid_creation_timestamp\":\"13299628208712398\",\"vapid_private_key\":\"MIGHAgEAMBMGByqGSM49AgEGCCqGSM49AwEHBG0wawIBAQQg4mwnFpXrkywNm22sFnOwsI7Jy25SZde/EKHkkb+OGbyhRANCAAR4U6yVrN+RceI8G14P6gJIKJd5J5gSaELKh0v0U9MzWwj6zwDjUrc48rTgDHOqetzISc53X908iBlVSYJFOFaB\"}"
},
        {
            "name": "translate_site_blacklist_with_time",
            "value": "{}"
}
    ],
    "Themes": []
}